<?xml version="1.0"?>
<doc>
    <assembly>
        <name>DevGames.API</name>
    </assembly>
    <members>
        <member name="M:DevGames.API.Controllers.BoardsController.GetAll">
            <summary>
            Listagem de Boards
            </summary>
            <returns>Lista de Boards</returns>
            <response code="200">Sucesso</response>
        </member>
        <member name="M:DevGames.API.Controllers.BoardsController.GetById(System.Int32)">
            <summary>
            Detalhes do Board
            </summary>
            <param name="id">ID do Board</param>
            <returns>Mostra um Board</returns>
            <response code="200">Sucesso</response>
            <response code="404">Não encontrado</response>
        </member>
        <member name="M:DevGames.API.Controllers.BoardsController.Post(DevGames.API.Models.AddBoardInputModel)">
            <summary>
            Cadastro de Board
            </summary>
            <remarks>
            Requisição:
            {
                "gameTitle": "Mario Kart",
                "description": "Jogo de corrida divertido",
                "rules": "Corra, ultrapasse e use os itens especiais"
            }
            </remarks>
            <param name="model">Dados do Board</param>
            <returns>Objeto criado</returns>
            <response code="201">Sucesso</response>
            <response code="400">Dados inválidos</response>
        </member>
        <member name="M:DevGames.API.Controllers.BoardsController.Put(System.Int32,DevGames.API.Models.UpdateBoardInputModel)">
            <summary>
            Atualiza um Board
            </summary>
            <remarks>
            Requisição:
            {
                "description": "Jogo de corrida frenético",
                "rules": "Corra, ultrapasse, use os itens especiais e descubra atalhos"
            }
            </remarks>
            <param name="id">ID do Board</param>
            <param name="model">Dados do Board</param>
            <returns>Objeto atualizado</returns>
            <response code="204">Sucesso</response>
            <response code="400">Dados inválidos</response>
            <response code="404">Não encontrado</response>
        </member>
        <member name="M:DevGames.API.Controllers.PostsController.GetAll(System.Int32)">
            <summary>
            Listagem de Posts
            </summary>
            <param name="id">ID do Board</param>
            <returns>Lista de Posts</returns>
            <response code="200">Sucesso</response>
        </member>
        <member name="M:DevGames.API.Controllers.PostsController.GetById(System.Int32,System.Int32)">
            <summary>
            Detalhes do Post
            </summary>
            <param name="id">ID do Board</param>
            <param name="postId">ID do Post</param>
            <returns>Mostra um Post</returns>
            <response code="200">Sucesso</response>
            <response code="404">Não encontrado</response>
        </member>
        <member name="M:DevGames.API.Controllers.PostsController.Post(System.Int32,DevGames.API.Models.AddPostInputModel)">
            <summary>
            Cadastro de Post
            </summary>
            <remarks>
            Requisição:
            {
                "title": "Nova fase",
                "description": "Desenvolver novas fases",
                "user": "Carlos"
            }
            </remarks>
            <param name="id">ID do Board</param>
            <param name="model">Dados do Post</param>
            <returns>Objeto criado</returns>
            <response code="201">Sucesso</response>
            <response code="400">Dados inválidos</response>
        </member>
        <member name="M:DevGames.API.Controllers.PostsController.PostComment(System.Int32,System.Int32,DevGames.API.Models.AddCommentInputModel)">
            <summary>
            Cadastro de Comentário
            </summary>
            <remarks>
            Requisição:
            {
                "title": "Nova fase",
                "description": "Poderia ter uma fase na neve",
                "user": "Jorge"
            }
            </remarks>
            <param name="id">ID do Board</param>
            <param name="postId">ID do Post</param>
            <param name="model">Dados do Comentário</param>
            <response code="204">Sucesso</response>
            <response code="400">Dados inválidos</response>
            <response code="404">Não encontrado</response>
        </member>
    </members>
</doc>
