<?xml version="1.0"?>
<doc>
    <assembly>
        <name>DevGames.API</name>
    </assembly>
    <members>
        <member name="M:DevGames.API.Controllers.BoardsController.Post(DevGames.API.Models.AddBoardInputModel)">
            <summary>
            Post Board
            </summary>
            <remarks>
            Request Body Example:
            {
            "gameTitle": "Mario Kart",
            "description": "Jogo de corrida divertido",
            "rules": "Corra, ultrapasse e use os itens especiais"
            }
            </remarks>
            <param name="model">Dados do Board</param>
            <returns>Objeto criado</returns>
            <response code="201">Sucesso</response>
            <response code="400">Dados inválidos</response>
        </member>
    </members>
</doc>
